date,composite,display_score,regime_raw,regime_confirmed,comp_1m_chg,comp_3m_chg,comp_6m_chg,comp_12m_chg,comp_trend_6m,pctile_expanding,direction_flag,streak_months,warning,months_in_regime,dist_to_upgrade,dist_to_downgrade,diffusion,top_drag,top_support,regime_change_watch,breadth_check,comp_expanding_std,comp_rolling_std_10y,curve_env,usrec
2003-06-30,0.5116,3.5116,Expansion,N/A,,,,,,100.0,,42,,42,,0.1616,0.7692,inflation,liquidity,False,,,,,0
2003-07-31,0.8544,3.8544,Expansion,Expansion,0.3428,,,,,100.0,,43,,1,,0.5044,0.8462,inflation,growth,False,,,,bear_steepening,0
2003-08-31,0.6881,3.6881,Expansion,Expansion,-0.1662,,,,,66.6667,,44,,2,,0.3381,0.8462,inflation,credit,False,,,,bear_steepening,0
2003-09-30,0.7213,3.7213,Expansion,Expansion,0.0332,0.2098,,,,75.0,improving,1,,3,,0.3713,0.8462,inflation,credit,False,,,,bear_steepening,0
2003-10-31,0.8662,3.8662,Expansion,Expansion,0.1449,0.0119,,,,100.0,flat,1,,4,,0.5162,0.7692,inflation,growth,False,,,,flattening,0
2003-11-30,0.7722,3.7722,Expansion,Expansion,-0.0941,0.084,,,0.7356,66.6667,flat,2,,5,,0.4222,0.7692,inflation,stress,False,,,,flattening,0
2003-12-31,0.8101,3.8101,Expansion,Expansion,0.0379,0.0888,0.2985,,0.7854,71.4286,flat,3,,6,,0.4601,0.7692,inflation,credit,False,narrow,,,,0
2004-01-31,0.8751,3.8751,Expansion,Expansion,0.065,0.0089,0.0207,,0.7888,100.0,flat,4,,7,,0.5251,0.9231,inflation,stress,False,,,,,0
2004-02-29,0.8565,3.8565,Expansion,Expansion,-0.0186,0.0843,0.1684,,0.8169,77.7778,flat,5,,8,,0.5065,0.8462,inflation,stress,False,,,,,0
2004-03-31,0.774,3.774,Expansion,Expansion,-0.0825,-0.0361,0.0526,,0.8257,50.0,flat,6,,9,,0.424,0.8462,inflation,growth,False,,,,,0
2004-04-30,0.9919,3.9919,Expansion,Expansion,0.2179,0.1168,0.1257,,0.8466,100.0,improving,1,,10,,0.6419,0.8462,inflation,growth,False,,,,,0
2004-05-31,0.8995,3.8995,Expansion,Expansion,-0.0925,0.043,0.1273,,0.8678,91.6667,flat,1,,11,,0.5495,0.9231,inflation,growth,False,,,,flattening,0
2004-06-30,0.7904,3.7904,Expansion,Expansion,-0.1091,0.0164,-0.0197,0.2788,0.8646,46.1538,flat,2,,12,,0.4404,0.9231,inflation,stress,False,,,,flattening,0
2004-07-31,0.8915,3.8915,Expansion,Expansion,0.1011,-0.1004,0.0164,0.0371,0.8673,85.7143,deteriorating,1,,13,,0.5415,0.9231,inflation,growth,False,,,,flattening,0
2004-08-31,0.7001,3.7001,Expansion,Expansion,-0.1914,-0.1993,-0.1564,0.012,0.8412,20.0,deteriorating,2,,14,,0.3501,0.9231,inflation,growth,False,,,,flattening,0
2004-09-30,0.8139,3.8139,Expansion,Expansion,0.1138,0.0235,0.0399,0.0925,0.8479,56.25,flat,1,,15,,0.4639,0.9231,inflation,growth,False,,,,flattening,0
2004-10-31,0.9659,3.9659,Expansion,Expansion,0.152,0.0744,-0.026,0.0997,0.8435,94.1176,flat,2,,16,,0.6159,0.9231,liquidity,growth,False,,,,flattening,0
2004-11-30,0.8791,3.8791,Expansion,Expansion,-0.0868,0.179,-0.0204,0.1069,0.8401,77.7778,improving,1,,17,,0.5291,0.8462,inflation,growth,False,,,,flattening,0
2004-12-31,0.9485,3.9485,Expansion,Expansion,0.0694,0.1346,0.1581,0.1384,0.8665,89.4737,improving,2,,18,,0.5985,0.9231,liquidity,growth,False,,,,flattening,0
2005-01-31,0.895,3.895,Expansion,Expansion,-0.0535,-0.0709,0.0035,0.0199,0.8671,80.0,flat,1,,19,,0.545,0.8462,inflation,growth,False,,,,flattening,0
2005-02-28,0.9125,3.9125,Expansion,Expansion,0.0175,0.0334,0.2124,0.056,0.9025,85.7143,flat,2,,20,,0.5625,0.8462,inflation,credit,False,,,,flattening,0
2005-03-31,0.8437,3.8437,Expansion,Expansion,-0.0688,-0.1048,0.0298,0.0697,0.9074,45.4545,deteriorating,1,,21,,0.4937,0.7692,inflation,credit,False,,,,flattening,0
2005-04-30,0.8593,3.8593,Expansion,Expansion,0.0156,-0.0357,-0.1066,-0.1326,0.8897,56.5217,flat,1,,22,,0.5093,0.8462,liquidity,growth,False,,,,flattening,0
2005-05-31,0.5931,3.5931,Expansion,Expansion,-0.2662,-0.3194,-0.2859,-0.3063,0.842,8.3333,deteriorating,1,,23,,0.2431,0.7692,liquidity,growth,False,narrow,0.1141,,flattening,0
2005-06-30,0.6987,3.6987,Expansion,Expansion,0.1056,-0.145,-0.2498,-0.0917,0.8004,16.0,deteriorating,2,,24,,0.3487,0.7692,liquidity,growth,False,,0.1144,,flattening,0
2005-07-31,0.7644,3.7644,Expansion,Expansion,0.0657,-0.0949,-0.1305,-0.1271,0.7786,26.9231,flat,1,,25,,0.4144,0.8462,liquidity,growth,False,,0.1126,,flattening,0
2005-08-31,0.6401,3.6401,Expansion,Expansion,-0.1243,0.047,-0.2724,-0.06,0.7332,11.1111,flat,2,,26,,0.2901,0.7692,liquidity,growth,False,narrow,0.1154,,flattening,0
2005-09-30,0.4361,3.4361,Expansion,Expansion,-0.204,-0.2626,-0.4076,-0.3778,0.6653,3.5714,deteriorating,1,,27,,0.0861,0.7692,liquidity,stress,True,narrow,0.1333,,,0
2005-10-31,0.3351,3.3351,Neutral,Expansion,-0.1011,-0.4294,-0.5243,-0.6308,0.5779,3.4483,deteriorating,2,,28,0.0149,0.6351,0.6923,liquidity,stress,False,confirmed,0.1562,,,0
2005-11-30,0.3749,3.3749,Expansion,Expansion,0.0398,-0.2652,-0.2182,-0.5042,0.5416,6.6667,deteriorating,3,,29,,0.0249,0.6154,liquidity,stress,True,,0.1703,,,0
2005-12-31,0.325,3.325,Neutral,Expansion,-0.0499,-0.1111,-0.3737,-0.6235,0.4793,3.2258,deteriorating,4,deterioration,30,0.025,0.625,0.6154,liquidity,stress,False,confirmed,0.1852,,,0
2006-01-31,0.6316,3.6316,Expansion,Expansion,0.3066,0.2965,-0.1328,-0.2634,0.4571,21.875,improving,1,,31,,0.2816,0.7692,liquidity,growth,False,,0.1834,,,0
2006-02-28,0.6014,3.6014,Expansion,Expansion,-0.0302,0.2265,-0.0388,-0.3111,0.4507,21.2121,improving,2,,32,,0.2514,0.8462,liquidity,stress,False,,0.1823,,flattening,0
2006-03-31,0.6805,3.6805,Expansion,Expansion,0.0791,0.3555,0.2444,-0.1632,0.4914,29.4118,improving,3,,33,,0.3305,0.9231,liquidity,stress,False,,0.1798,,,0
2006-04-30,0.5667,3.5667,Expansion,Expansion,-0.1138,-0.0649,0.2316,-0.2927,0.53,17.1429,flat,1,,34,,0.2167,0.7692,inflation,stress,False,,0.1796,,bear_steepening,0
2006-05-31,0.2997,3.2997,Neutral,Expansion,-0.2669,-0.3016,-0.0751,-0.2934,0.5175,2.7778,deteriorating,1,,35,0.0503,0.5997,0.6923,inflation,stress,False,,0.1914,,bear_steepening,0
2006-06-30,-0.0004,2.9996,Neutral,Neutral,-0.3001,-0.6809,-0.3253,-0.6991,0.4632,2.7027,deteriorating,2,,1,0.3504,0.2996,0.6154,inflation,stress,False,narrow,0.2232,,,0
2006-07-31,0.056,3.056,Neutral,Neutral,0.0564,-0.5106,-0.5755,-0.7084,0.3673,5.2632,deteriorating,3,deterioration,2,0.294,0.356,0.6154,inflation,stress,False,confirmed,0.244,,,0
2006-08-31,-0.0343,2.9657,Neutral,Neutral,-0.0903,-0.334,-0.6356,-0.6744,0.2614,2.5641,deteriorating,4,deterioration,3,0.3843,0.2657,0.5385,inflation,stress,False,confirmed,0.267,,,0
2006-09-30,0.0884,3.0884,Neutral,Neutral,0.1227,0.0888,-0.5921,-0.3477,0.1627,10.0,flat,1,,4,0.2616,0.3884,0.5385,inflation,stress,False,confirmed,0.2791,,,0
2006-10-31,0.3152,3.3152,Neutral,Neutral,0.2267,0.2591,-0.2515,-0.0199,0.1208,14.6341,improving,1,,5,0.0348,0.6152,0.6923,inflation,stress,True,narrow,0.2807,,,0
2006-11-30,0.44,3.44,Expansion,Neutral,0.1248,0.4743,0.1403,0.0651,0.1442,26.1905,improving,2,,6,,0.09,0.7692,liquidity,stress,False,,0.279,,,0
2006-12-31,0.467,3.467,Expansion,Expansion,0.0269,0.3785,0.4673,0.142,0.2221,27.907,improving,3,improvement,1,,0.117,0.6923,liquidity,stress,False,narrow,0.277,,,0
2007-01-31,0.4827,3.4827,Expansion,Expansion,0.0157,0.1675,0.4267,-0.1489,0.2932,29.5455,improving,4,improvement,2,,0.1327,0.8462,inflation,stress,False,confirmed,0.2747,,,0
2007-02-28,0.3625,3.3625,Expansion,Expansion,-0.1202,-0.0775,0.3968,-0.2388,0.3593,20.0,flat,1,,3,,0.0125,0.7692,inflation,stress,True,confirmed,0.2746,,,0
2007-03-31,0.3062,3.3062,Neutral,Expansion,-0.0563,-0.1608,0.2178,-0.3743,0.3956,13.0435,deteriorating,1,,4,0.0438,0.6062,0.6154,liquidity,stress,False,,0.2756,,,0
2007-04-30,0.4699,3.4699,Expansion,Expansion,0.1637,-0.0128,0.1547,-0.0968,0.4214,31.9149,flat,1,,5,,0.1199,0.7692,liquidity,stress,False,,0.2735,,,0
2007-05-31,0.4027,3.4027,Expansion,Expansion,-0.0671,0.0402,-0.0373,0.103,0.4152,25.0,flat,2,,6,,0.0527,0.6923,liquidity,stress,False,,0.2723,,,0
2007-06-30,0.4425,3.4425,Expansion,Expansion,0.0398,0.1363,-0.0244,0.4429,0.4111,30.6122,improving,1,,7,,0.0925,0.7692,liquidity,inflation,False,,0.2706,,,0
2007-07-31,0.3701,3.3701,Expansion,Expansion,-0.0724,-0.0998,-0.1126,0.314,0.3923,22.0,flat,1,,8,,0.0201,0.6154,liquidity,inflation,True,,0.2699,,,0
2007-08-31,-0.169,2.831,Neutral,Expansion,-0.5391,-0.5717,-0.5315,-0.1347,0.3037,1.9608,deteriorating,1,,9,0.519,0.131,0.4615,liquidity,inflation,False,confirmed,0.2883,,bull_steepening,0
2007-09-30,-0.3165,2.6835,Slowdown,Expansion,-0.1475,-0.759,-0.6227,-0.405,0.1999,1.9231,deteriorating,2,,10,0.0165,0.6835,0.3846,liquidity,inflation,False,confirmed,0.3119,,bull_steepening,0
2007-10-31,-0.1391,2.8609,Neutral,Expansion,0.1774,-0.5092,-0.609,-0.4543,0.0984,5.6604,deteriorating,3,deterioration,11,0.4891,0.1609,0.5385,liquidity,inflation,False,confirmed,0.324,,bull_steepening,0
2007-11-30,-0.6322,2.3678,Slowdown,Expansion,-0.493,-0.4632,-1.0349,-1.0722,-0.074,1.8519,deteriorating,4,deterioration,12,0.3322,0.3678,0.3077,liquidity,growth,False,confirmed,0.3595,,bull_steepening,0
2007-12-31,-0.8661,2.1339,Slowdown,Slowdown,-0.234,-0.5496,-1.3086,-1.3331,-0.2921,1.8182,deteriorating,5,deterioration,1,0.5661,0.1339,0.3077,credit,growth,False,confirmed,0.4033,,bull_steepening,0
2008-01-31,-0.8258,2.1742,Slowdown,Slowdown,0.0403,-0.6867,-1.1959,-1.3085,-0.4915,3.5714,deteriorating,6,deterioration,2,0.5258,0.1742,0.3077,credit,inflation,False,confirmed,0.4377,,bull_steepening,1
2008-02-29,-0.8852,2.1148,Slowdown,Slowdown,-0.0594,-0.2531,-0.7162,-1.2478,-0.6108,1.7544,deteriorating,7,deterioration,3,0.5852,0.1148,0.2308,credit,inflation,False,confirmed,0.4704,,bull_steepening,1
2008-03-31,-1.1433,1.8567,Contraction,Slowdown,-0.2581,-0.2772,-0.8268,-1.4495,-0.7486,1.7241,deteriorating,8,deterioration,4,0.1433,,0.2308,credit,inflation,False,confirmed,0.5117,,bull_steepening,1
2008-04-30,-0.9537,2.0463,Slowdown,Slowdown,0.1896,-0.1279,-0.8146,-1.4236,-0.8844,3.3898,deteriorating,9,deterioration,5,0.6537,0.0463,0.3077,credit,inflation,True,confirmed,0.5386,,,1
2008-05-31,-0.6168,2.3832,Slowdown,Slowdown,0.3369,0.2685,0.0154,-1.0195,-0.8818,11.6667,improving,1,,6,0.3168,0.3832,0.4615,credit,inflation,False,,0.5502,,flattening,1
2008-06-30,-0.7271,2.2729,Slowdown,Slowdown,-0.1103,0.4162,0.139,-1.1696,-0.8587,9.8361,improving,2,,7,0.4271,0.2729,0.3077,growth,inflation,False,,0.5642,,flattening,1
2008-07-31,-0.9769,2.0231,Slowdown,Slowdown,-0.2497,-0.0231,-0.151,-1.3469,-0.8838,3.2258,flat,1,,8,0.6769,0.0231,0.1538,growth,inflation,True,,0.5854,,,1
2008-08-31,-1.091,1.909,Contraction,Slowdown,-0.1141,-0.4742,-0.2057,-0.922,-0.9181,3.1746,deteriorating,1,,9,0.091,,0.2308,growth,inflation,False,,0.6085,,,1
2008-09-30,-1.2853,1.7147,Contraction,Contraction,-0.1943,-0.5582,-0.142,-0.9688,-0.9418,1.5625,deteriorating,2,,1,0.2853,,0.2308,growth,inflation,False,,0.6366,,bull_steepening,1
2008-10-31,-1.9132,1.0868,Contraction,Contraction,-0.6279,-0.9364,-0.9595,-1.7741,-1.1017,1.5385,deteriorating,3,deterioration,2,0.9132,,0.1538,growth,inflation,False,confirmed,0.689,,bull_steepening,1
2008-11-30,-2.0518,1.0,Contraction,Contraction,-0.1386,-0.9608,-1.435,-1.4197,-1.3409,1.5152,deteriorating,4,deterioration,3,1.0518,,0.1538,growth,inflation,False,confirmed,0.7411,,bull_steepening,1
2008-12-31,-2.1504,1.0,Contraction,Contraction,-0.0986,-0.8651,-1.4233,-1.2843,-1.5781,1.4925,deteriorating,5,deterioration,4,1.1504,,0.1538,growth,inflation,False,confirmed,0.7912,,flattening,1
2009-01-31,-2.1013,1.0,Contraction,Contraction,0.049,-0.1881,-1.1245,-1.2755,-1.7655,2.9412,deteriorating,6,deterioration,5,1.1013,,0.1538,growth,inflation,False,narrow,0.8335,,flattening,1
2009-02-28,-2.0129,1.0,Contraction,Contraction,0.0884,0.0389,-0.922,-1.1277,-1.9192,5.7971,flat,1,,6,1.0129,,0.1538,growth,inflation,False,narrow,0.868,,,1
2009-03-31,-1.969,1.031,Contraction,Contraction,0.0439,0.1814,-0.6837,-0.8257,-2.0331,7.1429,improving,1,,7,0.969,,0.1538,growth,inflation,False,narrow,0.8976,,bear_steepening,1
2009-04-30,-1.6454,1.3546,Contraction,Contraction,0.3236,0.456,0.2679,-0.6917,-1.9885,9.8592,improving,2,,8,0.6454,,0.1538,growth,liquidity,False,narrow,0.9151,,bear_steepening,1
2009-05-31,-1.1146,1.8854,Contraction,Contraction,0.5308,0.8984,0.9372,-0.4978,-1.8323,13.8889,improving,3,improvement,9,0.1146,,0.2308,growth,liquidity,False,narrow,0.9195,,bear_steepening,1
2009-06-30,-0.8122,2.1878,Slowdown,Contraction,0.3024,1.1568,1.3382,-0.0851,-1.6092,23.2877,improving,4,improvement,10,0.5122,0.1878,0.2308,growth,credit,False,narrow,0.9188,,bear_steepening,1
2009-07-31,-0.6415,2.3585,Slowdown,Slowdown,0.1707,1.0039,1.4599,0.3354,-1.3659,25.6757,improving,5,improvement,1,0.3415,0.3585,0.2308,growth,credit,False,narrow,0.9161,,,0
2009-08-31,-0.4331,2.5669,Slowdown,Slowdown,0.2084,0.6814,1.5798,0.6579,-1.1026,29.3333,improving,6,improvement,2,0.1331,0.5669,0.2308,growth,credit,False,narrow,0.9115,,,0
2009-09-30,-0.3444,2.6556,Slowdown,Slowdown,0.0887,0.4678,1.6246,0.9409,-0.8319,30.2632,improving,7,improvement,3,0.0444,0.6556,0.2308,growth,credit,True,narrow,0.9065,,,0
2009-10-31,-0.1702,2.8298,Neutral,Slowdown,0.1742,0.4713,1.4752,1.7431,-0.586,32.4675,improving,8,improvement,4,0.5202,0.1298,0.3077,growth,credit,False,confirmed,0.9008,,,0
2009-11-30,-0.1971,2.8029,Neutral,Neutral,-0.027,0.236,0.9174,1.8547,-0.4331,32.0513,improving,9,improvement,1,0.5471,0.1029,0.3077,growth,credit,False,narrow,0.8953,,,0
2009-12-31,-0.1397,2.8603,Neutral,Neutral,0.0574,0.2047,0.6725,2.0107,-0.321,35.443,improving,10,improvement,2,0.4897,0.1603,0.3846,inflation,liquidity,False,confirmed,0.8897,,bear_steepening,0
2010-01-31,0.0086,3.0086,Neutral,Neutral,0.1484,0.1788,0.6501,2.11,-0.2127,40.0,improving,11,improvement,3,0.3414,0.3086,0.6923,inflation,credit,False,confirmed,0.8841,,bear_steepening,0
2010-02-28,-0.1221,2.8779,Neutral,Neutral,-0.1307,0.0751,0.3111,1.8909,-0.1608,37.037,flat,1,,4,0.4721,0.1779,0.4615,inflation,liquidity,False,confirmed,0.8787,,bear_steepening,0
2010-03-31,0.0811,3.0811,Neutral,Neutral,0.2031,0.2208,0.4255,2.0501,-0.0899,42.6829,improving,1,,5,0.2689,0.3811,0.6923,inflation,liquidity,False,confirmed,0.8733,,,0
2010-04-30,0.3433,3.3433,Neutral,Neutral,0.2622,0.3347,0.5135,1.9887,-0.0043,50.6024,improving,2,,6,0.0067,0.6433,0.7692,inflation,liquidity,True,confirmed,0.8687,,,0
2010-05-31,0.2041,3.2041,Neutral,Neutral,-0.1392,0.3262,0.4013,1.3187,0.0626,44.0476,improving,3,improvement,7,0.1459,0.5041,0.4615,stress,growth,False,confirmed,0.8636,,flattening,0
2010-06-30,0.0582,3.0582,Neutral,Neutral,-0.146,-0.0229,0.1979,0.8704,0.0955,41.1765,flat,1,,8,0.2918,0.3582,0.3077,stress,growth,False,,0.8585,,flattening,0
2010-07-31,0.1764,3.1764,Neutral,Neutral,0.1182,-0.1669,0.1678,0.8179,0.1235,44.186,deteriorating,1,,9,0.1736,0.4764,0.6154,credit,growth,False,,0.8536,,flattening,0
2010-08-31,0.0196,3.0196,Neutral,Neutral,-0.1569,-0.1846,0.1416,0.4527,0.1471,39.0805,deteriorating,2,,10,0.3304,0.3196,0.4615,credit,growth,False,,0.8486,,flattening,0
2010-09-30,0.0607,3.0607,Neutral,Neutral,0.0411,0.0025,-0.0204,0.4051,0.1437,42.0455,flat,1,,11,0.2893,0.3607,0.4615,credit,liquidity,False,,0.8437,,flattening,0
2010-10-31,0.1126,3.1126,Neutral,Neutral,0.052,-0.0638,-0.2307,0.2828,0.1053,44.9438,flat,2,,12,0.2374,0.4126,0.6923,credit,growth,False,,0.8389,,,0
2010-11-30,0.1345,3.1345,Neutral,Neutral,0.0219,0.115,-0.0696,0.3317,0.0937,45.5556,improving,1,,13,0.2155,0.4345,0.6923,credit,growth,False,,0.8343,,bear_steepening,0
2010-12-31,0.3107,3.3107,Neutral,Neutral,0.1761,0.25,0.2525,0.4504,0.1357,50.5495,improving,2,,14,0.0393,0.6107,0.6923,inflation,liquidity,True,confirmed,0.8301,,bear_steepening,0
2011-01-31,0.3015,3.3015,Neutral,Neutral,-0.0092,0.1888,0.1251,0.2929,0.1566,48.913,improving,3,,15,0.0485,0.6015,0.7692,inflation,liquidity,True,,0.826,,bear_steepening,0
2011-02-28,0.2782,3.2782,Neutral,Neutral,-0.0233,0.1437,0.2587,0.4003,0.1997,47.3118,improving,4,improvement,16,0.0718,0.5782,0.7692,inflation,liquidity,True,confirmed,0.8219,,bear_steepening,0
2011-03-31,0.2391,3.2391,Neutral,Neutral,-0.0392,-0.0716,0.1784,0.158,0.2294,46.8085,flat,1,,17,0.1109,0.5391,0.8462,inflation,liquidity,False,,0.8177,,,0
2011-04-30,0.3608,3.3608,Expansion,Neutral,0.1217,0.0593,0.2481,0.0175,0.2708,56.8421,flat,2,,18,,0.0108,0.6923,inflation,stress,False,,0.814,,,0
2011-05-31,0.3071,3.3071,Neutral,Neutral,-0.0537,0.0289,0.1725,0.1029,0.2995,51.0417,flat,3,,19,0.0429,0.6071,0.7692,inflation,stress,True,,0.8102,,,0
2011-06-30,0.1928,3.1928,Neutral,Neutral,-0.1143,-0.0463,-0.1179,0.1346,0.2799,44.3299,flat,4,,20,0.1572,0.4928,0.6923,inflation,liquidity,False,,0.8061,,,0
2011-07-31,0.1378,3.1378,Neutral,Neutral,-0.055,-0.223,-0.1637,-0.0386,0.2526,42.8571,deteriorating,1,,21,0.2122,0.4378,0.6923,inflation,liquidity,False,,0.8019,,flattening,0
2011-08-31,-0.231,2.769,Neutral,Neutral,-0.3688,-0.5381,-0.5093,-0.2506,0.1677,25.2525,deteriorating,2,,22,0.581,0.069,0.4615,credit,liquidity,True,confirmed,0.7983,,flattening,0
2011-09-30,-0.366,2.634,Slowdown,Neutral,-0.135,-0.5588,-0.6051,-0.4267,0.0669,23.0,deteriorating,3,deterioration,23,0.066,0.634,0.3077,credit,liquidity,False,confirmed,0.7954,,flattening,0
2011-10-31,-0.1048,2.8952,Neutral,Neutral,0.2612,-0.2426,-0.4656,-0.2175,-0.0107,32.6733,deteriorating,4,deterioration,24,0.4548,0.1952,0.4615,credit,growth,False,confirmed,0.7915,,flattening,0
2011-11-30,-0.0945,2.9055,Neutral,Neutral,0.0104,0.1366,-0.4015,-0.229,-0.0776,33.3333,improving,1,,25,0.4445,0.2055,0.4615,credit,growth,False,confirmed,0.7877,,,0
2011-12-31,-0.0503,2.9497,Neutral,Neutral,0.0442,0.3157,-0.2431,-0.361,-0.1182,33.9806,improving,2,,26,0.4003,0.2497,0.4615,credit,growth,False,,0.7839,,,0
2012-01-31,0.1576,3.1576,Neutral,Neutral,0.2079,0.2625,0.0198,-0.1439,-0.1149,46.1538,improving,3,,27,0.1924,0.4576,0.6923,credit,growth,False,,0.7802,,flattening,0
2012-02-29,0.2591,3.2591,Neutral,Neutral,0.1015,0.3536,0.4901,-0.0191,-0.0332,50.4762,improving,4,improvement,28,0.0909,0.5591,0.6923,credit,stress,True,confirmed,0.7767,,,0
2012-03-31,0.334,3.334,Neutral,Neutral,0.0749,0.3844,0.7001,0.095,0.0835,58.4906,improving,5,improvement,29,0.016,0.634,0.7692,credit,stress,True,confirmed,0.7735,,bear_steepening,0
2012-04-30,0.3014,3.3014,Neutral,Neutral,-0.0327,0.1438,0.4062,-0.0594,0.1512,52.3364,improving,6,improvement,30,0.0486,0.6014,0.7692,credit,stress,True,confirmed,0.7702,,,0
2012-05-31,0.0554,3.0554,Neutral,Neutral,-0.2459,-0.2036,0.1499,-0.2516,0.1762,37.037,deteriorating,1,,31,0.2946,0.3554,0.6154,credit,stress,False,,0.7666,,flattening,0
2012-06-30,0.0541,3.0541,Neutral,Neutral,-0.0014,-0.28,0.1044,-0.1387,0.1936,36.6972,deteriorating,2,,32,0.2959,0.3541,0.6154,credit,stress,False,,0.7631,,flattening,0
2012-07-31,0.1289,3.1289,Neutral,Neutral,0.0748,-0.1725,-0.0287,-0.0089,0.1888,43.6364,deteriorating,3,,33,0.2211,0.4289,0.6154,credit,stress,False,,0.7596,,flattening,0
2012-08-31,0.1227,3.1227,Neutral,Neutral,-0.0062,0.0673,-0.1364,0.3538,0.1661,43.2432,flat,1,,34,0.2273,0.4227,0.5385,growth,stress,False,,0.7562,,,0
2012-09-30,0.1897,3.1897,Neutral,Neutral,0.067,0.1357,-0.1443,0.5558,0.142,48.2143,improving,1,,35,0.1603,0.4897,0.6923,growth,stress,False,,0.7529,,,0
2012-10-31,0.2654,3.2654,Neutral,Neutral,0.0756,0.1365,-0.036,0.3702,0.136,52.2124,improving,2,,36,0.0846,0.5654,0.7692,growth,stress,True,,0.7498,,,0
2012-11-30,0.2537,3.2537,Neutral,Neutral,-0.0117,0.131,0.1982,0.3482,0.1691,50.8772,improving,3,,37,0.0963,0.5537,0.6923,growth,stress,True,,0.7467,,,0
2012-12-31,0.2711,3.2711,Neutral,Neutral,0.0174,0.0814,0.2171,0.3215,0.2053,53.0435,flat,1,,38,0.0789,0.5711,0.7692,growth,stress,True,,0.7437,,,0
2013-01-31,0.3833,3.3833,Expansion,Neutral,0.1122,0.1179,0.2544,0.2257,0.2477,67.2414,improving,1,,39,,0.0333,0.7692,inflation,stress,False,confirmed,0.741,,bear_steepening,0
2013-02-28,0.2946,3.2946,Neutral,Neutral,-0.0887,0.0409,0.1719,0.0355,0.2763,53.8462,flat,1,,40,0.0554,0.5946,0.7692,inflation,stress,True,,0.7382,,bear_steepening,0
2013-03-31,0.3034,3.3034,Neutral,Neutral,0.0088,0.0322,0.1136,-0.0307,0.2952,56.7797,flat,2,,41,0.0466,0.6034,0.7692,inflation,stress,True,,0.7353,,,0
2013-04-30,0.2977,3.2977,Neutral,Neutral,-0.0056,-0.0856,0.0323,-0.0036,0.3006,53.7815,flat,3,,42,0.0523,0.5977,0.6923,credit,stress,False,,0.7325,,flattening,0
2013-05-31,0.2423,3.2423,Neutral,Neutral,-0.0555,-0.0523,-0.0114,0.1868,0.2987,48.3333,flat,4,,43,0.1077,0.5423,0.6923,growth,stress,False,,0.7296,0.7296,bear_steepening,0
2013-06-30,0.1722,3.1722,Neutral,Neutral,-0.0701,-0.1312,-0.0989,0.1181,0.2822,43.8017,deteriorating,1,,44,0.1778,0.4722,0.6923,growth,stress,False,,0.7266,0.7285,bear_steepening,0
2013-07-31,0.2759,3.2759,Neutral,Neutral,0.1037,-0.0218,-0.1074,0.1471,0.2643,52.459,flat,1,,45,0.0741,0.5759,0.6923,inflation,stress,False,,0.7239,0.7252,bear_steepening,0
2013-08-31,0.3126,3.3126,Neutral,Neutral,0.0367,0.0704,0.0181,0.1899,0.2674,60.9756,flat,2,,46,0.0374,0.6126,0.8462,inflation,stress,True,,0.7212,0.7233,bear_steepening,0
2013-09-30,0.313,3.313,Neutral,Neutral,0.0003,0.1408,0.0096,0.1232,0.269,61.2903,improving,1,,47,0.037,0.613,0.7692,inflation,stress,True,,0.7186,0.7211,,0
2013-10-31,0.3867,3.3867,Expansion,Neutral,0.0738,0.1108,0.089,0.1213,0.2838,69.6,improving,2,,48,,0.0367,0.7692,inflation,stress,False,,0.7162,0.7178,,0
2013-11-30,0.3692,3.3692,Expansion,Expansion,-0.0176,0.0565,0.1269,0.1155,0.3049,66.6667,flat,1,,1,,0.0192,0.7692,inflation,stress,False,,0.7139,0.7154,,0
2013-12-31,0.4386,3.4386,Expansion,Expansion,0.0694,0.1256,0.2664,0.1674,0.3493,71.6535,improving,1,,2,,0.0886,0.6923,inflation,stress,False,narrow,0.7117,0.7128,bear_steepening,0
2014-01-31,0.3573,3.3573,Expansion,Expansion,-0.0813,-0.0294,0.0814,-0.026,0.3629,64.0625,flat,1,,3,,0.0073,0.6923,inflation,stress,True,,0.7093,0.7093,,0
2014-02-28,0.2517,3.2517,Neutral,Expansion,-0.1056,-0.1174,-0.0609,-0.0429,0.3527,46.5116,deteriorating,1,,4,0.0983,0.5517,0.6923,growth,stress,False,,0.7067,0.7056,,0
2014-03-31,0.3156,3.3156,Neutral,Neutral,0.0639,-0.123,0.0026,0.0122,0.3532,60.7692,deteriorating,2,,1,0.0344,0.6156,0.7692,growth,stress,False,,0.7043,0.7028,flattening,0
2014-04-30,0.4795,3.4795,Expansion,Neutral,0.1639,0.1222,0.0928,0.1818,0.3687,75.5725,improving,1,,2,,0.1295,0.7692,inflation,stress,False,,0.7024,0.6985,,0
2014-05-31,0.543,3.543,Expansion,Expansion,0.0634,0.2912,0.1738,0.3007,0.3976,77.2727,improving,2,,1,,0.193,0.7692,inflation,stress,False,,0.7008,0.6955,flattening,0
2014-06-30,0.5527,3.5527,Expansion,Expansion,0.0097,0.2371,0.1141,0.3805,0.4166,77.4436,improving,3,,2,,0.2027,0.8462,inflation,stress,False,,0.6993,0.6936,flattening,0
2014-07-31,0.6369,3.6369,Expansion,Expansion,0.0842,0.1574,0.2796,0.361,0.4632,80.597,improving,4,improvement,3,,0.2869,0.8462,inflation,growth,False,confirmed,0.6982,0.6913,flattening,0
2014-08-31,0.4658,3.4658,Expansion,Expansion,-0.1711,-0.0771,0.2141,0.1532,0.4989,71.8519,flat,1,,4,,0.1158,0.8462,inflation,growth,False,,0.6963,0.6897,flattening,0
2014-09-30,0.4506,3.4506,Expansion,Expansion,-0.0153,-0.1021,0.135,0.1376,0.5214,71.3235,deteriorating,1,,5,,0.1006,0.8462,inflation,growth,False,,0.6943,0.687,,0
2014-10-31,0.4261,3.4261,Expansion,Expansion,-0.0245,-0.2109,-0.0535,0.0393,0.5125,67.8832,deteriorating,2,,6,,0.0761,0.8462,inflation,growth,True,,0.6923,0.6824,,0
2014-11-30,0.3367,3.3367,Neutral,Expansion,-0.0894,-0.1292,-0.2063,-0.0325,0.4781,60.1449,deteriorating,3,,7,0.0133,0.6367,0.7692,inflation,stress,False,,0.6901,0.6784,,0
2014-12-31,0.2467,3.2467,Neutral,Neutral,-0.09,-0.2039,-0.306,-0.1919,0.4271,43.1655,deteriorating,4,deterioration,1,0.1033,0.5467,0.7692,inflation,growth,False,narrow,0.6877,0.6732,flattening,0
2015-01-31,0.2658,3.2658,Neutral,Neutral,0.0191,-0.1603,-0.3711,-0.0915,0.3653,46.4286,deteriorating,5,deterioration,2,0.0842,0.5658,0.7692,credit,growth,False,narrow,0.6853,0.6686,flattening,0
2015-02-28,0.2928,3.2928,Neutral,Neutral,0.027,-0.0439,-0.1731,0.041,0.3364,48.9362,flat,1,,3,0.0572,0.5928,0.6923,inflation,growth,False,,0.683,0.6638,flattening,0
2015-03-31,0.2389,3.2389,Neutral,Neutral,-0.0539,-0.0078,-0.2117,-0.0767,0.3011,40.8451,flat,2,,4,0.1111,0.5389,0.6923,inflation,stress,False,,0.6807,0.6596,,0
2015-04-30,0.3438,3.3438,Neutral,Neutral,0.1049,0.078,-0.0823,-0.1358,0.2874,62.2378,flat,3,,5,0.0062,0.6438,0.6923,inflation,growth,True,,0.6785,0.6555,bear_steepening,0
2015-05-31,0.225,3.225,Neutral,Neutral,-0.1188,-0.0678,-0.1117,-0.318,0.2688,40.2778,flat,4,,6,0.125,0.525,0.6154,inflation,stress,False,,0.6762,0.6534,,0
2015-06-30,0.1839,3.1839,Neutral,Neutral,-0.0411,-0.055,-0.0628,-0.3688,0.2583,37.931,flat,5,,7,0.1661,0.4839,0.6154,inflation,stress,False,,0.6739,0.6503,bear_steepening,0
2015-07-31,0.1595,3.1595,Neutral,Neutral,-0.0244,-0.1843,-0.1063,-0.4774,0.2406,36.3014,deteriorating,1,,8,0.1905,0.4595,0.6923,inflation,growth,False,,0.6716,0.6465,,0
2015-08-31,-0.0744,2.9256,Neutral,Neutral,-0.2339,-0.2993,-0.3671,-0.5402,0.1794,23.8095,deteriorating,2,,9,0.4244,0.2256,0.5385,credit,stress,False,confirmed,0.6695,0.6435,,0
2015-09-30,-0.197,2.803,Neutral,Neutral,-0.1226,-0.3808,-0.4358,-0.6475,0.1068,18.9189,deteriorating,3,deterioration,10,0.547,0.103,0.3846,credit,growth,False,confirmed,0.6677,0.6422,flattening,0
2015-10-31,-0.1134,2.8866,Neutral,Neutral,0.0835,-0.2729,-0.4572,-0.5395,0.0306,22.8188,deteriorating,4,deterioration,11,0.4634,0.1866,0.5385,credit,stress,False,confirmed,0.6657,0.6413,,0
2015-11-30,-0.1308,2.8692,Neutral,Neutral,-0.0174,-0.0564,-0.3558,-0.4675,-0.0287,22.0,flat,1,,12,0.4808,0.1692,0.4615,credit,stress,False,confirmed,0.6637,0.6401,,0
2015-12-31,-0.1608,2.8392,Neutral,Neutral,-0.03,0.0361,-0.3447,-0.4075,-0.0861,20.5298,flat,2,,13,0.5108,0.1392,0.4615,credit,stress,False,confirmed,0.6619,0.6393,flattening,0
2016-01-31,-0.2252,2.7748,Neutral,Neutral,-0.0644,-0.1118,-0.3847,-0.491,-0.1503,17.7632,deteriorating,1,,14,0.5752,0.0748,0.3846,credit,growth,True,confirmed,0.6603,0.6363,flattening,0
2016-02-29,-0.2608,2.7392,Neutral,Neutral,-0.0356,-0.13,-0.1864,-0.5535,-0.1813,16.9935,deteriorating,2,,15,0.6108,0.0392,0.3077,credit,growth,True,,0.6588,0.6336,flattening,0
2016-03-31,-0.0563,2.9437,Neutral,Neutral,0.2045,0.1045,0.1407,-0.2951,-0.1579,27.2727,improving,1,,16,0.4063,0.2437,0.3846,inflation,stress,False,,0.6567,0.6298,,0
2016-04-30,0.0789,3.0789,Neutral,Neutral,0.1352,0.3041,0.1923,-0.2649,-0.1258,34.1935,improving,2,,17,0.2711,0.3789,0.6154,inflation,stress,False,,0.6546,0.6272,,0
2016-05-31,0.0089,3.0089,Neutral,Neutral,-0.07,0.2697,0.1397,-0.216,-0.1025,30.1282,improving,3,,18,0.3411,0.3089,0.4615,inflation,stress,False,,0.6525,0.6263,,0
2016-06-30,-0.0224,2.9776,Neutral,Neutral,-0.0313,0.0339,0.1384,-0.2063,-0.0795,28.6624,flat,1,,19,0.3724,0.2776,0.3846,inflation,stress,False,,0.6505,0.6262,,0
2016-07-31,0.198,3.198,Neutral,Neutral,0.2204,0.1191,0.4232,0.0385,-0.0089,44.3038,improving,1,,20,0.152,0.498,0.6154,liquidity,stress,False,confirmed,0.6485,0.6266,flattening,0
2016-08-31,0.2285,3.2285,Neutral,Neutral,0.0305,0.2196,0.4893,0.3029,0.0726,45.9119,improving,2,,21,0.1215,0.5285,0.6923,liquidity,stress,False,confirmed,0.6465,0.6273,,0
2016-09-30,0.1919,3.1919,Neutral,Neutral,-0.0366,0.2143,0.2482,0.3888,0.114,43.125,improving,3,,22,0.1581,0.4919,0.6923,liquidity,stress,False,,0.6445,0.6276,,0
2016-10-31,0.2011,3.2011,Neutral,Neutral,0.0092,0.0031,0.1222,0.3145,0.1343,44.7205,flat,1,,23,0.1489,0.5011,0.6923,liquidity,stress,False,,0.6425,0.6271,,0
2016-11-30,0.209,3.209,Neutral,Neutral,0.0079,-0.0195,0.2,0.3398,0.1677,45.679,flat,2,,24,0.141,0.509,0.6923,liquidity,stress,False,,0.6406,0.6258,bear_steepening,0
2016-12-31,0.3073,3.3073,Neutral,Neutral,0.0983,0.1154,0.3297,0.4681,0.2226,60.1227,improving,1,,25,0.0427,0.6073,0.6923,inflation,stress,True,confirmed,0.6388,0.6248,bear_steepening,0
2017-01-31,0.3899,3.3899,Expansion,Neutral,0.0826,0.1888,0.1919,0.6151,0.2546,71.9512,improving,2,,26,,0.0399,0.7692,liquidity,stress,False,,0.6372,0.6241,bear_steepening,0
2017-02-28,0.3233,3.3233,Neutral,Neutral,-0.0667,0.1143,0.0948,0.584,0.2704,63.0303,improving,3,,27,0.0267,0.6233,0.6154,liquidity,stress,True,,0.6355,0.6239,,0
2017-03-31,0.3679,3.3679,Expansion,Neutral,0.0446,0.0606,0.176,0.4242,0.2997,68.6747,flat,1,,28,,0.0179,0.6923,liquidity,stress,False,,0.6339,0.6243,,0
2017-04-30,0.3715,3.3715,Expansion,Expansion,0.0036,-0.0184,0.1704,0.2926,0.3281,70.0599,flat,2,,1,,0.0215,0.9231,liquidity,stress,True,,0.6323,0.6236,flattening,0
2017-05-31,0.3342,3.3342,Neutral,Expansion,-0.0373,0.0109,0.1252,0.3252,0.349,63.6905,flat,3,,2,0.0158,0.6342,0.7692,liquidity,stress,True,,0.6306,0.6232,flattening,0
2017-06-30,0.339,3.339,Neutral,Neutral,0.0048,-0.0289,0.0317,0.3614,0.3543,65.0888,flat,4,,1,0.011,0.639,0.7692,liquidity,stress,False,,0.629,0.6225,,0
2017-07-31,0.4496,3.4496,Expansion,Neutral,0.1106,0.0781,0.0597,0.2517,0.3642,76.4706,flat,5,,2,,0.0996,0.7692,liquidity,stress,False,,0.6276,0.623,,0
2017-08-31,0.3285,3.3285,Neutral,Neutral,-0.1212,-0.0057,0.0052,0.1,0.3651,61.9883,flat,6,,3,0.0215,0.6285,0.6923,liquidity,stress,False,,0.626,0.6241,,0
2017-09-30,0.2821,3.2821,Neutral,Neutral,-0.0464,-0.0569,-0.0858,0.0902,0.3508,51.7442,flat,7,,4,0.0679,0.5821,0.6923,liquidity,stress,False,,0.6243,0.6246,,0
2017-10-31,0.4703,3.4703,Expansion,Neutral,0.1882,0.0207,0.0988,0.2692,0.3673,79.1908,flat,8,,5,,0.1203,0.8462,liquidity,stress,False,,0.623,0.6266,,0
2017-11-30,0.3805,3.3805,Expansion,Expansion,-0.0898,0.052,0.0463,0.1716,0.375,70.6897,flat,9,,1,,0.0305,0.7692,liquidity,stress,False,,0.6216,0.6258,,0
2017-12-31,0.412,3.412,Expansion,Expansion,0.0315,0.1299,0.073,0.1047,0.3872,73.1429,improving,1,,2,,0.062,0.7692,liquidity,stress,False,,0.6202,0.6229,flattening,0
2018-01-31,0.4779,3.4779,Expansion,Expansion,0.0659,0.0076,0.0283,0.088,0.3919,79.5455,flat,1,,3,,0.1279,0.8462,liquidity,credit,False,,0.6189,0.6206,flattening,0
2018-02-28,0.2732,3.2732,Neutral,Expansion,-0.2048,-0.1074,-0.0553,-0.0501,0.3827,49.1525,deteriorating,1,,4,0.0768,0.5732,0.7692,liquidity,credit,False,,0.6173,0.6164,,0
2018-03-31,0.2283,3.2283,Neutral,Neutral,-0.0449,-0.1837,-0.0538,-0.1396,0.3737,42.6966,deteriorating,2,,1,0.1217,0.5283,0.8462,liquidity,credit,False,,0.6156,0.6083,,0
2018-04-30,0.3224,3.3224,Neutral,Neutral,0.0942,-0.1555,-0.1479,-0.0491,0.3491,59.7765,deteriorating,3,,2,0.0276,0.6224,0.8462,liquidity,growth,False,,0.614,0.6029,,0
2018-05-31,0.2589,3.2589,Neutral,Neutral,-0.0636,-0.0143,-0.1217,-0.0753,0.3288,46.6667,flat,1,,3,0.0911,0.5589,0.7692,liquidity,stress,False,,0.6124,0.6008,,0
2018-06-30,0.2628,3.2628,Neutral,Neutral,0.0039,0.0345,-0.1492,-0.0762,0.3039,47.5138,flat,2,,4,0.0872,0.5628,0.6923,liquidity,stress,True,,0.6108,0.5976,,0
2018-07-31,0.3336,3.3336,Neutral,Neutral,0.0708,0.0112,-0.1443,-0.116,0.2799,62.0879,flat,3,,5,0.0164,0.6336,0.7692,liquidity,stress,True,,0.6093,0.5914,,0
2018-08-31,0.3064,3.3064,Neutral,Neutral,-0.0273,0.0475,0.0332,-0.0221,0.2854,55.7377,flat,4,,6,0.0436,0.6064,0.6923,liquidity,stress,True,,0.6077,0.5831,,0
2018-09-30,0.3517,3.3517,Expansion,Neutral,0.0453,0.0889,0.1234,0.0696,0.306,66.3043,flat,5,,7,,0.0017,0.6923,liquidity,stress,False,,0.6063,0.5711,,0
2018-10-31,0.2471,3.2471,Neutral,Neutral,-0.1046,-0.0866,-0.0754,-0.2232,0.2934,44.3243,flat,6,,8,0.1029,0.5471,0.8462,liquidity,growth,False,,0.6047,0.5423,,0
2018-11-30,0.0952,3.0952,Neutral,Neutral,-0.1518,-0.2111,-0.1636,-0.2853,0.2661,31.1828,deteriorating,1,,9,0.2548,0.3952,0.6154,liquidity,inflation,False,,0.603,0.5063,,0
2018-12-31,-0.1398,2.8602,Neutral,Neutral,-0.2351,-0.4915,-0.4026,-0.5518,0.199,18.1818,deteriorating,2,,10,0.4898,0.1602,0.3846,liquidity,inflation,False,confirmed,0.6018,0.4633,,0
2019-01-31,0.0221,3.0221,Neutral,Neutral,0.1619,-0.2249,-0.3115,-0.4558,0.1471,27.1277,deteriorating,3,deterioration,11,0.3279,0.3221,0.7692,liquidity,inflation,False,narrow,0.6002,0.417,,0
2019-02-28,0.0728,3.0728,Neutral,Neutral,0.0507,-0.0224,-0.2336,-0.2003,0.1082,30.1587,flat,1,,12,0.2772,0.3728,0.6154,liquidity,stress,False,,0.5986,0.3683,,0
2019-03-31,0.0964,3.0964,Neutral,Neutral,0.0236,0.2363,-0.2552,-0.1318,0.0656,32.6316,improving,1,,13,0.2536,0.3964,0.6154,liquidity,stress,False,narrow,0.597,0.3135,,0
2019-04-30,0.198,3.198,Neutral,Neutral,0.1016,0.1759,-0.0491,-0.1244,0.0575,40.3141,improving,2,,14,0.152,0.498,0.6923,liquidity,stress,False,,0.5955,0.2666,,0
2019-05-31,0.115,3.115,Neutral,Neutral,-0.083,0.0422,0.0198,-0.1438,0.0608,33.3333,flat,1,,15,0.235,0.415,0.6154,liquidity,stress,False,,0.5939,0.2394,,0
2019-06-30,0.1235,3.1235,Neutral,Neutral,0.0085,0.0271,0.2633,-0.1393,0.1047,34.1969,flat,2,,16,0.2265,0.4235,0.6923,liquidity,stress,False,confirmed,0.5924,0.2216,,0
2019-07-31,0.2733,3.2733,Neutral,Neutral,0.1498,0.0753,0.2512,-0.0603,0.1465,51.5464,flat,3,,17,0.0767,0.5733,0.7692,liquidity,stress,True,narrow,0.5909,0.2084,,0
2019-08-31,0.1026,3.1026,Neutral,Neutral,-0.1707,-0.0124,0.0298,-0.2038,0.1515,32.3077,flat,4,,18,0.2474,0.4026,0.6923,liquidity,stress,False,,0.5894,0.2006,,0
2019-09-30,0.1426,3.1426,Neutral,Neutral,0.04,0.0191,0.0462,-0.2091,0.1592,36.2245,flat,5,,19,0.2074,0.4426,0.7692,liquidity,stress,False,,0.5879,0.1945,,0
2019-10-31,0.1808,3.1808,Neutral,Neutral,0.0381,-0.0925,-0.0172,-0.0663,0.1563,38.5787,flat,6,,20,0.1692,0.4808,0.7692,liquidity,stress,False,,0.5864,0.1915,,0
2019-11-30,0.1598,3.1598,Neutral,Neutral,-0.021,0.0572,0.0448,0.0646,0.1638,37.3737,flat,7,,21,0.1902,0.4598,0.6923,liquidity,stress,False,,0.5849,0.1881,,0
2019-12-31,0.2595,3.2595,Neutral,Neutral,0.0997,0.1169,0.136,0.3993,0.1864,49.7487,improving,1,,22,0.0905,0.5595,0.6923,liquidity,credit,True,,0.5835,0.1855,bear_steepening,0
2020-01-31,0.1908,3.1908,Neutral,Neutral,-0.0687,0.01,-0.0825,0.1687,0.1727,40.0,flat,1,,23,0.1592,0.4908,0.6923,liquidity,stress,False,,0.5821,0.1846,,0
2020-02-29,-0.0094,2.9906,Neutral,Neutral,-0.2002,-0.1692,-0.112,-0.0822,0.154,23.3831,deteriorating,1,,24,0.3594,0.2906,0.6923,growth,credit,False,,0.5807,0.1832,,0
2020-03-31,-1.5115,1.4885,Contraction,Neutral,-1.5021,-1.771,-1.6541,-1.6079,-0.1217,3.9604,deteriorating,2,,25,0.5115,,0.0769,growth,inflation,False,confirmed,0.5907,0.241,,1
2020-04-30,-1.65,1.35,Contraction,Contraction,-0.1385,-1.8408,-1.8307,-1.848,-0.4268,3.4483,deteriorating,3,deterioration,1,0.65,,0.1538,growth,inflation,False,confirmed,0.6022,0.2937,bull_steepening,1
2020-05-31,-1.3819,1.6181,Contraction,Contraction,0.2681,-1.3725,-1.5417,-1.4969,-0.6837,4.902,deteriorating,4,deterioration,2,0.3819,,0.1538,growth,inflation,False,confirmed,0.6099,0.3264,bull_steepening,0
2020-06-30,-1.1487,1.8513,Contraction,Contraction,0.2332,0.3628,-1.4082,-1.2722,-0.9184,5.8537,improving,1,,3,0.1487,,0.3077,growth,stress,False,confirmed,0.6147,0.3476,,0
2020-07-31,-0.3363,2.6637,Slowdown,Contraction,0.8124,1.3136,-0.5272,-0.6096,-1.0063,14.0777,improving,2,,4,0.0363,0.6637,0.3846,growth,stress,True,confirmed,0.6139,0.3505,,0
2020-08-31,0.1061,3.1061,Neutral,Contraction,0.4424,1.488,0.1154,0.0035,-0.9871,33.8164,improving,3,,5,0.2439,0.4061,0.5385,credit,growth,False,,0.6124,0.3503,,0
2020-09-30,0.0992,3.0992,Neutral,Neutral,-0.0069,1.2479,1.6107,-0.0434,-0.7186,33.1731,improving,4,improvement,1,0.2508,0.3992,0.5385,liquidity,credit,False,confirmed,0.611,0.3502,,0
2020-10-31,-0.0005,2.9995,Neutral,Neutral,-0.0997,0.3358,1.6494,-0.1813,-0.4437,25.3589,improving,5,improvement,2,0.3505,0.2995,0.4615,inflation,credit,False,confirmed,0.6095,0.3505,bear_steepening,0
2020-11-30,-0.134,2.866,Neutral,Neutral,-0.1335,-0.2401,1.2479,-0.2938,-0.2357,20.0,deteriorating,1,,3,0.484,0.166,0.5385,growth,credit,False,confirmed,0.6083,0.3514,,0
2020-12-31,-0.1232,2.8768,Neutral,Neutral,0.0108,-0.2224,1.0255,-0.3827,-0.0648,20.8531,deteriorating,2,,4,0.4732,0.1768,0.5385,growth,credit,False,confirmed,0.607,0.352,bear_steepening,0
2021-01-31,0.0051,3.0051,Neutral,Neutral,0.1283,0.0056,0.3414,-0.1857,-0.0079,26.8868,flat,1,,5,0.3449,0.3051,0.5385,growth,credit,False,confirmed,0.6056,0.3519,bear_steepening,0
2021-02-28,-0.0157,2.9843,Neutral,Neutral,-0.0208,0.1182,-0.1218,-0.0064,-0.0282,25.3521,improving,1,,6,0.3657,0.2843,0.6923,growth,credit,False,,0.6042,0.352,bear_steepening,0
2021-03-31,0.517,3.517,Expansion,Neutral,0.5328,0.6402,0.4178,2.0285,0.0415,84.5794,improving,2,,7,,0.167,0.8462,inflation,growth,False,confirmed,0.6035,0.3536,bear_steepening,0
2021-04-30,0.6161,3.6161,Expansion,Expansion,0.0991,0.611,0.6166,2.2661,0.1442,86.9767,improving,3,improvement,1,,0.2661,0.8462,inflation,growth,False,confirmed,0.6031,0.3557,bear_steepening,0
2021-05-31,0.4276,3.4276,Expansion,Expansion,-0.1885,0.4434,0.5616,1.8095,0.2378,77.3148,improving,4,improvement,2,,0.0776,0.8462,inflation,growth,False,confirmed,0.6021,0.3563,,0
2021-06-30,0.3204,3.3204,Neutral,Expansion,-0.1073,-0.1967,0.4435,1.4691,0.3117,64.0553,deteriorating,1,,3,0.0296,0.6204,0.7692,inflation,growth,False,confirmed,0.6009,0.3566,flattening,0
2021-07-31,0.2987,3.2987,Neutral,Neutral,-0.0216,-0.3174,0.2936,0.6351,0.3607,57.7982,deteriorating,2,,1,0.0513,0.5987,0.7692,inflation,growth,False,confirmed,0.5997,0.3569,flattening,0
2021-08-31,0.1523,3.1523,Neutral,Neutral,-0.1464,-0.2753,0.1681,0.0463,0.3887,38.8128,deteriorating,3,,2,0.1977,0.4523,0.7692,inflation,growth,False,,0.5983,0.3552,flattening,0
2021-09-30,0.0885,3.0885,Neutral,Neutral,-0.0638,-0.2318,-0.4285,-0.0107,0.3173,32.7273,deteriorating,4,deterioration,3,0.2615,0.3885,0.7692,inflation,growth,False,narrow,0.5969,0.352,,0
2021-10-31,0.2233,3.2233,Neutral,Neutral,0.1348,-0.0755,-0.3928,0.2238,0.2518,46.6063,flat,1,,4,0.1267,0.5233,0.7692,inflation,growth,False,narrow,0.5956,0.3513,,0
2021-11-30,0.169,3.169,Neutral,Neutral,-0.0543,0.0166,-0.2587,0.303,0.2087,40.5405,flat,2,,5,0.181,0.469,0.7692,inflation,growth,False,narrow,0.5943,0.3505,,0
2021-12-31,0.0767,3.0767,Neutral,Neutral,-0.0922,-0.0118,-0.2436,0.1999,0.1681,30.9417,flat,3,,6,0.2733,0.3767,0.6923,inflation,growth,False,,0.593,0.35,flattening,0
2022-01-31,-0.073,2.927,Neutral,Neutral,-0.1498,-0.2963,-0.3718,-0.0781,0.1061,22.3214,deteriorating,1,,7,0.423,0.227,0.6154,inflation,growth,False,confirmed,0.5917,0.3507,flattening,0
2022-02-28,-0.2735,2.7265,Neutral,Neutral,-0.2005,-0.4425,-0.4259,-0.2578,0.0352,13.7778,deteriorating,2,,8,0.6235,0.0265,0.4615,inflation,growth,True,confirmed,0.591,0.3528,flattening,0
2022-03-31,-0.5041,2.4959,Slowdown,Neutral,-0.2306,-0.5808,-0.5926,-1.0211,-0.0636,11.5044,deteriorating,3,deterioration,9,0.2041,0.4959,0.4615,inflation,growth,False,confirmed,0.591,0.3575,flattening,0
2022-04-30,-0.3327,2.6673,Slowdown,Slowdown,0.1714,-0.2597,-0.556,-0.9488,-0.1563,13.6564,deteriorating,4,deterioration,1,0.0327,0.6673,0.3846,inflation,growth,False,confirmed,0.5904,0.3599,flattening,0
2022-05-31,-0.4312,2.5688,Slowdown,Slowdown,-0.0985,-0.1577,-0.6002,-0.8589,-0.2563,12.2807,deteriorating,5,deterioration,2,0.1312,0.5688,0.3077,inflation,growth,False,confirmed,0.5902,0.3636,,0
2022-06-30,-0.5398,2.4602,Slowdown,Slowdown,-0.1086,-0.0357,-0.6165,-0.8602,-0.3591,11.3537,flat,1,,3,0.2398,0.4602,0.2308,stress,growth,False,confirmed,0.5904,0.3687,,0
2022-07-31,-0.4214,2.5786,Slowdown,Slowdown,0.1184,-0.0886,-0.3483,-0.7201,-0.4171,13.0435,flat,2,,4,0.1214,0.5786,0.3846,inflation,growth,False,confirmed,0.5901,0.3722,flattening,0
2022-08-31,-0.3605,2.6395,Slowdown,Slowdown,0.0609,0.0708,-0.0869,-0.5128,-0.4316,13.8528,flat,3,,5,0.0605,0.6395,0.3077,inflation,growth,True,,0.5895,0.3749,flattening,0
2022-09-30,-0.4865,2.5135,Slowdown,Slowdown,-0.1261,0.0533,0.0176,-0.5751,-0.4287,12.069,flat,4,,6,0.1865,0.5135,0.3077,stress,growth,False,,0.5895,0.3789,flattening,0
2022-10-31,-0.618,2.382,Slowdown,Slowdown,-0.1314,-0.1966,-0.2852,-0.8413,-0.4762,10.7296,deteriorating,1,,7,0.318,0.382,0.3077,stress,growth,False,narrow,0.59,0.3846,,0
2022-11-30,-0.4844,2.5156,Slowdown,Slowdown,0.1336,-0.1239,-0.0531,-0.6533,-0.4851,12.8205,deteriorating,2,,8,0.1844,0.5156,0.3077,inflation,credit,False,,0.5899,0.3882,flattening,0
2022-12-31,-0.3477,2.6523,Slowdown,Slowdown,0.1367,0.1388,0.1921,-0.4244,-0.4531,15.3191,improving,1,,9,0.0477,0.6523,0.3846,inflation,credit,True,,0.5893,0.3901,,0
2023-01-31,-0.1938,2.8062,Neutral,Slowdown,0.1539,0.4241,0.2275,-0.1208,-0.4151,19.9153,improving,2,,10,0.5438,0.1062,0.5385,inflation,credit,False,,0.5883,0.3902,flattening,0
2023-02-28,-0.1656,2.8344,Neutral,Neutral,0.0283,0.3188,0.1949,0.108,-0.3827,21.097,improving,3,,1,0.5156,0.1344,0.5385,liquidity,credit,False,,0.5873,0.3904,,0
2023-03-31,-0.3014,2.6986,Slowdown,Neutral,-0.1358,0.0464,0.1852,0.2027,-0.3518,17.2269,flat,1,,2,0.0014,0.6986,0.4615,liquidity,credit,True,,0.5866,0.3916,,0
2023-04-30,-0.1709,2.8291,Neutral,Neutral,0.1305,0.0229,0.4471,0.1618,-0.2773,20.5021,flat,2,,3,0.5209,0.1291,0.6154,liquidity,credit,False,confirmed,0.5855,0.3918,,0
2023-05-31,-0.3054,2.6946,Slowdown,Neutral,-0.1345,-0.1398,0.179,0.1258,-0.2475,17.0833,deteriorating,1,,4,0.0054,0.6946,0.4615,liquidity,credit,False,,0.5848,0.3931,,0
2023-06-30,-0.1393,2.8607,Neutral,Neutral,0.166,0.162,0.2084,0.4005,-0.2127,23.6515,improving,1,,5,0.4893,0.1607,0.4615,liquidity,credit,False,,0.5838,0.3935,flattening,0
2023-07-31,0.0273,3.0273,Neutral,Neutral,0.1666,0.1982,0.2211,0.4487,-0.1759,33.4711,improving,2,,6,0.3227,0.3273,0.6154,liquidity,credit,False,,0.5826,0.3931,flattening,0
2023-08-31,0.035,3.035,Neutral,Neutral,0.0077,0.3404,0.2006,0.3954,-0.1425,33.7449,improving,3,,7,0.315,0.335,0.5385,liquidity,credit,False,,0.5814,0.3925,,0
2023-09-30,0.1495,3.1495,Neutral,Neutral,0.1146,0.2889,0.4509,0.6361,-0.0673,43.8525,improving,4,improvement,8,0.2005,0.4495,0.6154,liquidity,credit,False,confirmed,0.5802,0.392,bear_steepening,0
2023-10-31,0.1359,3.1359,Neutral,Neutral,-0.0136,0.1086,0.3068,0.7539,-0.0162,42.8571,improving,5,improvement,9,0.2141,0.4359,0.6154,liquidity,credit,False,narrow,0.579,0.3909,bear_steepening,0
2023-11-30,0.2186,3.2186,Neutral,Neutral,0.0827,0.1836,0.5239,0.7029,0.0712,51.626,improving,6,improvement,10,0.1314,0.5186,0.6154,liquidity,credit,False,confirmed,0.5779,0.3902,bear_steepening,0
2023-12-31,0.3213,3.3213,Neutral,Neutral,0.1027,0.1717,0.4606,0.669,0.1479,68.4211,improving,7,improvement,11,0.0287,0.6213,0.7692,liquidity,credit,True,confirmed,0.577,0.3894,,0
2024-01-31,0.2879,3.2879,Neutral,Neutral,-0.0334,0.152,0.2606,0.4817,0.1914,60.8871,improving,8,improvement,12,0.0621,0.5879,0.7692,liquidity,credit,True,confirmed,0.5759,0.389,,0
2024-02-29,0.1897,3.1897,Neutral,Neutral,-0.0982,-0.0288,0.1547,0.3553,0.2171,47.3896,flat,1,,13,0.1603,0.4897,0.6154,liquidity,credit,False,,0.5748,0.3888,,0
2024-03-31,0.2683,3.2683,Neutral,Neutral,0.0786,-0.053,0.1188,0.5697,0.2369,58.4,flat,2,,14,0.0817,0.5683,0.6923,liquidity,credit,False,,0.5738,0.3886,,0
2024-04-30,0.2261,3.2261,Neutral,Neutral,-0.0422,-0.0618,0.0902,0.397,0.252,52.1912,flat,3,,15,0.1239,0.5261,0.6923,liquidity,credit,False,,0.5727,0.387,,0
2024-05-31,0.3429,3.3429,Neutral,Neutral,0.1168,0.1532,0.1243,0.6483,0.2727,73.0159,improving,1,,16,0.0071,0.6429,0.7692,liquidity,credit,True,,0.5718,0.3853,,0
2024-06-30,0.2334,3.2334,Neutral,Neutral,-0.1094,-0.0349,-0.0878,0.3728,0.2581,52.9644,flat,1,,17,0.1166,0.5334,0.6154,liquidity,credit,False,,0.5708,0.383,,0
2024-07-31,0.2522,3.2522,Neutral,Neutral,0.0187,0.0261,-0.0357,0.2249,0.2521,55.5118,flat,2,,18,0.0978,0.5522,0.6923,liquidity,credit,True,,0.5698,0.3797,,0
2024-08-31,0.0842,3.0842,Neutral,Neutral,-0.168,-0.2587,-0.1055,0.0492,0.2345,36.0784,deteriorating,1,,19,0.2658,0.3842,0.5385,liquidity,credit,False,,0.5686,0.3778,bull_steepening,0
2024-09-30,0.1955,3.1955,Neutral,Neutral,0.1113,-0.0379,-0.0728,0.046,0.2224,48.4375,flat,1,,20,0.1545,0.4955,0.6154,liquidity,stress,False,,0.5676,0.3763,bull_steepening,0
2024-10-31,0.1848,3.1848,Neutral,Neutral,-0.0107,-0.0674,-0.0413,0.0489,0.2155,46.3035,flat,2,,21,0.1652,0.4848,0.5385,liquidity,credit,False,,0.5665,0.3749,bear_steepening,0
2024-11-30,0.1144,3.1144,Neutral,Neutral,-0.0704,0.0302,-0.2285,-0.1042,0.1774,39.1473,flat,3,,22,0.2356,0.4144,0.5385,liquidity,credit,False,,0.5654,0.374,,0
2024-12-31,0.1819,3.1819,Neutral,Neutral,0.0675,-0.0137,-0.0516,-0.1394,0.1688,45.9459,flat,4,,23,0.1681,0.4819,0.6154,liquidity,credit,False,,0.5643,0.3737,,0
2025-01-31,0.2334,3.2334,Neutral,Neutral,0.0516,0.0486,-0.0187,-0.0544,0.1657,53.8462,flat,5,,24,0.1166,0.5334,0.6923,liquidity,credit,False,,0.5633,0.3736,bear_steepening,0
2025-02-28,0.1822,3.1822,Neutral,Neutral,-0.0513,0.0678,0.098,-0.0075,0.182,45.977,flat,6,,25,0.1678,0.4822,0.6154,liquidity,credit,False,,0.5623,0.3731,,0
2025-03-31,0.0969,3.0969,Neutral,Neutral,-0.0853,-0.085,-0.0987,-0.1714,0.1656,37.0229,flat,7,,26,0.2531,0.3969,0.6154,liquidity,credit,False,,0.5612,0.3727,,0
2025-04-30,-0.0801,2.9199,Neutral,Neutral,-0.177,-0.3136,-0.2649,-0.3062,0.1214,25.0951,deteriorating,1,,27,0.4301,0.2199,0.5385,stress,inflation,False,narrow,0.5602,0.3718,bull_steepening,0
2025-05-31,0.0377,3.0377,Neutral,Neutral,0.1179,-0.1444,-0.0766,-0.3051,0.1087,31.8182,deteriorating,2,,28,0.3123,0.3377,0.4615,liquidity,stress,False,,0.5591,0.3714,bear_steepening,0
2025-06-30,0.1255,3.1255,Neutral,Neutral,0.0877,0.0286,-0.0564,-0.108,0.0993,40.7547,flat,1,,29,0.2245,0.4255,0.6923,liquidity,stress,False,,0.5581,0.3713,,0
2025-07-31,0.2486,3.2486,Neutral,Neutral,0.1231,0.3288,0.0152,-0.0036,0.1018,56.7669,improving,1,,30,0.1014,0.5486,0.6154,liquidity,stress,False,,0.5571,0.3716,,0
2025-08-31,0.1961,3.1961,Neutral,Neutral,-0.0525,0.1584,0.014,0.1119,0.1041,49.8127,improving,2,,31,0.1539,0.4961,0.6154,inflation,stress,False,,0.5561,0.3717,,0
2025-09-30,0.2347,3.2347,Neutral,Neutral,0.0385,0.1092,0.1378,0.0391,0.1271,54.8507,improving,3,,32,0.1153,0.5347,0.6154,inflation,stress,False,,0.5552,0.3715,,0
2025-10-31,0.294,3.294,Neutral,Neutral,0.0593,0.0454,0.3741,0.1092,0.1894,63.9405,flat,1,,33,0.056,0.594,0.6923,liquidity,credit,True,confirmed,0.5543,0.3719,,0
2025-11-30,0.209,3.209,Neutral,Neutral,-0.085,0.0129,0.1713,0.0947,0.218,51.4815,flat,2,,34,0.141,0.509,0.6923,growth,stress,False,,0.5533,0.3719,,0
2025-12-31,0.2062,3.2062,Neutral,Neutral,-0.0028,-0.0285,0.0807,0.0243,0.2314,50.9225,flat,3,,35,0.1438,0.5062,0.6154,growth,stress,False,,0.5523,0.3716,,0
2026-01-31,0.2735,3.2735,Neutral,Neutral,0.0673,-0.0205,0.0249,0.04,0.2356,62.1324,flat,4,,36,0.0765,0.5735,0.6154,inflation,stress,False,,0.5514,0.3713,bear_steepening,0
2026-02-28,0.1805,3.1805,Neutral,Neutral,-0.093,-0.0285,-0.0156,-0.0016,0.233,44.6886,flat,5,,37,0.1695,0.4805,0.6154,inflation,credit,False,,0.5504,0.3703,,0
2026-03-31,-0.044,2.956,Neutral,Neutral,-0.2245,-0.2502,-0.2786,-0.1409,0.1865,25.9124,deteriorating,1,,38,0.394,0.256,0.4615,inflation,credit,False,confirmed,0.5495,0.3703,,0
2026-04-30,0.1114,3.1114,Neutral,Neutral,0.1554,-0.162,-0.1825,0.1916,0.1561,37.8182,deteriorating,2,,39,0.2386,0.4114,0.6154,inflation,credit,False,,0.5485,0.3703,flattening,0
2026-05-31,0.1514,3.1514,Neutral,Neutral,0.04,-0.0291,-0.0576,0.1137,0.1465,42.3913,flat,1,,40,0.1986,0.4514,0.6923,inflation,credit,False,,0.5475,0.3703,,0
2026-06-30,0.1956,3.1956,Neutral,Neutral,0.0442,0.2396,-0.0105,0.0701,0.1448,49.4585,improving,1,,41,0.1544,0.4956,0.6154,inflation,credit,False,,0.5466,0.3705,flattening,0
2026-07-31,0.2112,3.2112,Neutral,Neutral,0.0156,0.0998,-0.0623,-0.0374,0.1344,52.518,flat,1,,42,0.1388,0.5112,0.6154,inflation,credit,False,,0.5456,0.3705,,0
2026-08-31,0.1662,3.1662,Neutral,Neutral,-0.045,0.0148,-0.0143,-0.0299,0.132,43.7276,flat,2,,43,0.1838,0.4662,0.6154,inflation,stress,False,,0.5447,0.3703,,0
